timeStamp,elapsed,label,responseCode,responseMessage,threadName,dataType,success,failureMessage,bytes,sentBytes,grpThreads,allThreads,URL,Latency,IdleTime,Connect
1693806702111,585,Logiqids_Landing_Page,200,OK,Logiqids 1-1,text,true,,2459,173,4,4,https://test.logiqids.com/,582,0,552
1693806702346,354,Logiqids_Landing_Page,200,OK,Logiqids 1-3,text,true,,2466,173,4,4,https://test.logiqids.com/,347,0,335
1693806702157,544,Logiqids_Landing_Page,200,OK,Logiqids 1-2,text,true,,2459,173,4,4,https://test.logiqids.com/,544,0,516
1693806702544,158,Logiqids_Landing_Page,200,OK,Logiqids 1-4,text,true,,2466,173,4,4,https://test.logiqids.com/,147,0,125
1693806702699,6,Logiqids_Login_Page,200,OK,Logiqids 1-1,text,true,,3246,178,4,4,https://test.logiqids.com/login,6,0,0
1693806702700,7,Logiqids_Login_Page,200,OK,Logiqids 1-3,text,true,,3239,178,4,4,https://test.logiqids.com/login,7,0,0
1693806702702,8,Logiqids_Login_Page,200,OK,Logiqids 1-2,text,true,,3239,178,4,4,https://test.logiqids.com/login,8,0,0
1693806702705,8,Logiqids_Signup_Page,200,OK,Logiqids 1-1,text,true,,3082,180,4,4,https://test.logiqids.com/sign-up,8,0,0
1693806702708,7,Logiqids_Signup_Page,200,OK,Logiqids 1-3,text,true,,3089,180,4,4,https://test.logiqids.com/sign-up,7,0,0
1693806702703,14,Logiqids_Login_Page,200,OK,Logiqids 1-4,text,true,,3246,178,4,4,https://test.logiqids.com/login,14,0,0
1693806702710,9,Logiqids_Signup_Page,200,OK,Logiqids 1-2,text,true,,3089,180,4,4,https://test.logiqids.com/sign-up,9,0,0
1693806702713,9,Logiqids_Olympiad_Page,200,OK,Logiqids 1-1,text,true,,3904,181,4,4,https://test.logiqids.com/olympiad,9,0,0
1693806702717,7,Logiqids_Signup_Page,200,OK,Logiqids 1-4,text,true,,3089,180,4,4,https://test.logiqids.com/sign-up,7,0,0
1693806702716,5,Logiqids_Olympiad_Page,200,OK,Logiqids 1-3,text,true,,3904,181,4,4,https://test.logiqids.com/olympiad,5,0,0
1693806702726,5,Logiqids_Olympiad_Page,200,OK,Logiqids 1-4,text,true,,3911,181,3,3,https://test.logiqids.com/olympiad,5,0,0
1693806702725,9,Logiqids_Olympiad_Page,200,OK,Logiqids 1-2,text,true,,3904,181,2,2,https://test.logiqids.com/olympiad,8,0,0
1693806702746,59,Logiqids_Landing_Page,200,OK,Logiqids 1-5,text,true,,2459,173,1,1,https://test.logiqids.com/,59,0,50
1693806702807,9,Logiqids_Login_Page,200,OK,Logiqids 1-5,text,true,,3246,178,1,1,https://test.logiqids.com/login,9,0,0
1693806702817,5,Logiqids_Signup_Page,200,OK,Logiqids 1-5,text,true,,3082,180,1,1,https://test.logiqids.com/sign-up,5,0,0
1693806702822,8,Logiqids_Olympiad_Page,200,OK,Logiqids 1-5,text,true,,3911,181,1,1,https://test.logiqids.com/olympiad,8,0,0
1693806702943,52,Logiqids_Landing_Page,200,OK,Logiqids 1-6,text,true,,2466,173,1,1,https://test.logiqids.com/,52,0,47
1693806702996,9,Logiqids_Login_Page,200,OK,Logiqids 1-6,text,true,,3239,178,1,1,https://test.logiqids.com/login,8,0,0
1693806703006,8,Logiqids_Signup_Page,200,OK,Logiqids 1-6,text,true,,3089,180,1,1,https://test.logiqids.com/sign-up,7,0,0
1693806703015,4,Logiqids_Olympiad_Page,200,OK,Logiqids 1-6,text,true,,3904,181,1,1,https://test.logiqids.com/olympiad,4,0,0
1693806703144,24,Logiqids_Landing_Page,200,OK,Logiqids 1-7,text,true,,2466,173,1,1,https://test.logiqids.com/,24,0,20
1693806703169,4,Logiqids_Login_Page,200,OK,Logiqids 1-7,text,true,,3239,178,1,1,https://test.logiqids.com/login,4,0,0
1693806703174,5,Logiqids_Signup_Page,200,OK,Logiqids 1-7,text,true,,3089,180,1,1,https://test.logiqids.com/sign-up,5,0,0
1693806703180,6,Logiqids_Olympiad_Page,200,OK,Logiqids 1-7,text,true,,3904,181,1,1,https://test.logiqids.com/olympiad,6,0,0
1693806703346,176,Logiqids_Landing_Page,200,OK,Logiqids 1-8,text,true,,2459,173,1,1,https://test.logiqids.com/,176,0,162
1693806703526,7,Logiqids_Login_Page,200,OK,Logiqids 1-8,text,true,,3246,178,1,1,https://test.logiqids.com/login,7,0,0
1693806703534,8,Logiqids_Signup_Page,200,OK,Logiqids 1-8,text,true,,3082,180,2,2,https://test.logiqids.com/sign-up,8,0,0
1693806703543,5,Logiqids_Olympiad_Page,200,OK,Logiqids 1-8,text,true,,3911,181,2,2,https://test.logiqids.com/olympiad,5,0,0
1693806703542,64,Logiqids_Landing_Page,200,OK,Logiqids 1-9,text,true,,2459,173,1,1,https://test.logiqids.com/,64,0,57
1693806703607,6,Logiqids_Login_Page,200,OK,Logiqids 1-9,text,true,,3246,178,1,1,https://test.logiqids.com/login,6,0,0
1693806703614,5,Logiqids_Signup_Page,200,OK,Logiqids 1-9,text,true,,3082,180,1,1,https://test.logiqids.com/sign-up,5,0,0
1693806703620,4,Logiqids_Olympiad_Page,200,OK,Logiqids 1-9,text,true,,3911,181,1,1,https://test.logiqids.com/olympiad,4,0,0
1693806703743,41,Logiqids_Landing_Page,200,OK,Logiqids 1-10,text,true,,2466,173,1,1,https://test.logiqids.com/,41,0,35
1693806703785,5,Logiqids_Login_Page,200,OK,Logiqids 1-10,text,true,,3239,178,1,1,https://test.logiqids.com/login,5,0,0
1693806703790,9,Logiqids_Signup_Page,200,OK,Logiqids 1-10,text,true,,3089,180,1,1,https://test.logiqids.com/sign-up,9,0,0
1693806703799,5,Logiqids_Olympiad_Page,200,OK,Logiqids 1-10,text,true,,3904,181,1,1,https://test.logiqids.com/olympiad,5,0,0
